microhab,transect.cover,cover.per,cover.m2
FR,6005,0.15124039793476893,6202.822440498678
NF,18075,0.45523233849641104,18670.443898753307
OA,6605,0.16635184485581161,6822.588213071402
PL,8580,0.21609369097091047,8862.650547789952
PP,440,0.011081727742097973,454.49489988666414
